{
    "000": {
        "title": "Zermatt-Matterhorn, Switzerland",
        "language": {
            "CH": "Vita Nocturna Helvetica",
            "GR": "Ελβετικό Αλπικό Θέρετρο Ζερμάτ",
            "CY": "Ελβετικό Αλπικό Θέρετρο Ζερμάτ",
            "RU": "Приключения в больших горах",
            "UA": "Пригоди у великих горах",
            "BY": "Прыгоды ў вялікіх гарах",
            "JP": "アルプスの冒険",
            "KR": "알프스의 모험",
            "CN": "阿尔卑斯山历险记",
            "AE": "مغامرات في الجبال الكبيرة",
            "SA": "مغامرات في الجبال الكبيرة",
            "IQ": "مغامرات في الجبال الكبيرة",
            "IR": "مغامرات في الجبال الكبيرة",
            "KW": "مغامرات في الجبال الكبيرة",
            "QA": "مغامرات في الجبال الكبيرة"
        }
    },
    "001": {
        "title": "Manhattan Night Life, New York",
        "language": {
            "CH": "Vita Nocturna de New York",
            "GR": "Νυχτερινή ζωή στη Νέα Υόρκη",
            "CY": "Νυχτερινή ζωή στη Νέα Υόρκη",
            "RU": "Ночная жизнь Манхэттена, Нью-Йорк",
            "UA": "Нічне життя Манхеттена, Нью-Йорк",
            "BY": "Начное жыццё Манхэтэна, Нью-Ёрк",
            "JP": "マンハッタンのナイトライフ",
            "KR": "맨해튼 나이트라이프",
            "CN": "曼哈顿的夜生活",
            "AE": "الحياة الليلية في مانهاتن",
            "SA": "الحياة الليلية في مانهاتن",
            "IQ": "الحياة الليلية في مانهاتن",
            "IR": "الحياة الليلية في مانهاتن",
            "KW": "الحياة الليلية في مانهاتن",
            "QA": "الحياة الليلية في مانهاتن"
        }
    },
    "002": {
        "title": "The La La Land, Los Angeles",
        "language": {
            "CH": "Vita Nocturna de Los Angeles",
            "GR": "Κινηματογραφία στο Χόλιγουντ",
            "CY": "Κινηματογραφία στο Χόλιγουντ",
            "RU": "Ла-Ла Лэнд, Лос-Анджелес",
            "UA": "Ла-Ла Ленд, Лос-Анджелес",
            "BY": "Ла-Ла Лэнд, Лос-Анджэлес",
            "JP": "ラ・ラ・ランド、ロサンゼルス",
            "KR": "라라랜드, 로스앤젤레스",
            "CN": "爱乐之城 (洛杉矶)",
            "AE": "لا لا لاند، لوس أنجلوس",
            "SA": "لا لا لاند، لوس أنجلوس",
            "IQ": "لا لا لاند، لوس أنجلوس",
            "IR": "لا لا لاند، لوس أنجلوس",
            "KW": "لا لا لاند، لوس أنجلوس",
            "QA": "لا لا لاند، لوس أنجلوس"
        }
    }
}